{
	"t-bio": {
		"nome": "T. Ing. Biomedica",
		"nome_corto": "t-bio",
		"valore_lode": 31,
		"formula": "(110/27.17)*(M*CFU+T*3)/(CFU+3)",
		"crediti_totali": 177,
		"range_T": {
			"min": 18,
			"max": 30,
			"step": 1
		},
		"range_C": {
			"min": 0,
			"max": 0,
			"step": 0
		},
		"corpo_email": "Gentile laureando/laureanda,\nAllego un prospetto contenente: la sua carriera, gli indicatori e la formula che la commissione adopererà per determinare il voto di laurea.\nLa prego di prendere visione dei dati relativi agli esami.\nIn caso di dubbi scrivere a: vittoria.dattilo@unipi.it\n\nAlcune spiegazioni:\n- gli esami che non hanno un voto in trentesimi, hanno voto nominale zero al posto di giudizio o idoneita', in quanto non contribuiscono al calcolo della media ma solo al numero di crediti curriculari;\n- gli esami che non fanno media (pur contribuendo ai crediti curriculari) non hanno la spunta nella colonna MED. \n\nCordiali saluti \nUnità Didattica DII",
		"msg_commissione": "VOTO DI LAUREA FINALE: scegli voto di tesi, prendi il corrispondente voto di laurea ed arrotonda"
	},
	"t-ele": {
		"nome": "T. Ing. Elettronica",
		"nome_corto": "t-ele",
		"valore_lode": 32,
		"formula": "2+4*(M*CFU +T*3)/(CFU+3)",
		"crediti_totali": 177,
		"range_T": {
			"min": 18,
			"max": 33,
			"step": 1
		},
		"range_C": {
			"min": 0,
			"max": 0,
			"step": 0
		},
		"corpo_email": "Gentile laureando/laureanda,\nAllego un prospetto contenente: la sua carriera, gli indicatori e la formula che la commissione adopererà per determinare il voto di laurea.\nLa prego di prendere visione dei dati relativi agli esami.\nIn caso di dubbi scrivere a: vittoria.dattilo@unipi.it\n\nAlcune spiegazioni:\n- gli esami che non hanno un voto in trentesimi, hanno voto nominale zero al posto di giudizio o idoneita', in quanto non contribuiscono al calcolo della media ma solo al numero di crediti curriculari;\n- gli esami che non fanno media (pur contribuendo ai crediti curriculari) non hanno la spunta nella colonna MED. \n\nCordiali saluti \nUnità Didattica DII",
		"msg_commissione": "VOTO DI LAUREA FINALE: scegli voto di tesi, prendi il corrispondente voto di laurea ed arrotonda"
	},
	"t-inf": {
		"nome": "T. Ing. Informatica",
		"nome_corto": "t-inf",
		"valore_lode": 33,
		"formula": "M*3+18+T+C",
		"crediti_totali": 177,
		"range_T": {
			"min": 0,
			"max": 0,
			"step": 0
		},
		"range_C": {
			"min": 1,
			"max": 7,
			"step": 1
		},
		"corpo_email": "Gentile laureando/laureanda,\nAllego un prospetto contenente: la sua carriera, gli indicatori e la formula che la commissione adopererà per determinare il voto di laurea.\nLa prego di prendere visione dei dati relativi agli esami.\nIn caso di dubbi scrivere a: vittoria.dattilo@unipi.it\n\nAlcune spiegazioni:\n- gli esami che non hanno un voto in trentesimi, hanno voto nominale zero al posto di giudizio o idoneita', in quanto non contribuiscono al calcolo della media ma solo al numero di crediti curriculari;\n- gli esami che non fanno media (pur contribuendo ai crediti curriculari) non hanno la spunta nella colonna MED;\n- il voto di tesi (T) appare nominalmente a zero in quanto verra' determinato in sede di laurea, e va da 18 a 30. \n\nCordiali saluti \nUnità Didattica DII",
		"msg_commissione": "VOTO DI LAUREA FINALE: scegli voto commissione, prendi il corrispondente voto di laurea e somma il voto di tesi tra 1 e 3, quindi arrotonda"
	},
	"t-tel": {
		"nome": "T. Ing. delle Telecomunicazioni",
		"nome_corto": "t-tel",
		"valore_lode": 33,
		"formula": "M*11/3+C",
		"crediti_totali": 177,
		"range_T": {
			"min": 0,
			"max": 0,
			"step": 0
		},
		"range_C": {
			"min": 1,
			"max": 11,
			"step": 1
		},
		"corpo_email": "Gentile laureando/laureanda,\nAllego un prospetto contenente: la sua carriera, gli indicatori e la formula che la commissione adopererà per determinare il voto di laurea.\nLa prego di prendere visione dei dati relativi agli esami.\nIn caso di dubbi scrivere a: vittoria.dattilo@unipi.it\n\nAlcune spiegazioni:\n- gli esami che non hanno un voto in trentesimi, hanno voto nominale zero al posto di giudizio o idoneita', in quanto non contribuiscono al calcolo della media ma solo al numero di crediti curriculari;\n- gli esami che non fanno media (pur contribuendo ai crediti curriculari) non hanno la spunta nella colonna MED. \n\nCordiali saluti \nUnità Didattica DII",
		"msg_commissione": "VOTO DI LAUREA FINALE: scegli voto di commissione, prendi il corrispondente voto di laurea ed arrotonda"
	},
	"m-bio": {
		"nome": "M. Ing. Biomedica",
		"nome_corto": "m-bio",
		"valore_lode": 33,
		"formula": "M*3.5+11+C",
		"crediti_totali": 105,
		"range_T": {
			"min": 0,
			"max": 0,
			"step": 0
		},
		"range_C": {
			"min": 0.5,
			"max": 4.0,
			"step": 0.5
		},
		"corpo_email": "Gentile laureando/laureanda,\nAllego un prospetto contenente: la sua carriera, gli indicatori e la formula che la commissione adopererà per determinare il voto di laurea.\nLa prego di prendere visione dei dati relativi agli esami.\nIn caso di dubbi scrivere a: vittoria.dattilo@unipi.it\n\nAlcune spiegazioni:\n- gli esami che non hanno un voto in trentesimi, hanno voto nominale zero al posto di giudizio o idoneita', in quanto non contribuiscono al calcolo della media ma solo al numero di crediti curriculari;\n- gli esami che non fanno media (pur contribuendo ai crediti curriculari) non hanno la spunta nella colonna MED. \n\nCordiali saluti \nUnità Didattica DII",
		"msg_commissione": "VOTO DI LAUREA FINALE: scegli voto di commissione, prendi il corrispondente voto di laurea ed arrotonda"
	},
	"m-ele": {
		"nome": "M. Ing. Elettronica",
		"nome_corto": "m-ele",
		"valore_lode": 33,
		"formula": "4*(M*CFU+T*18)/(CFU+18)",
		"crediti_totali": 102,
		"range_T": {
			"min": 18,
			"max": 30,
			"step": 1
		},
		"range_C": {
			"min": 0,
			"max": 0,
			"step": 0
		},
		"corpo_email": "Gentile laureando/laureanda,\nAllego un prospetto contenente: la sua carriera, gli indicatori e la formula che la commissione adopererà per determinare il voto di laurea.\nLa prego di prendere visione dei dati relativi agli esami.\nIn caso di dubbi scrivere a: vittoria.dattilo@unipi.it\n\nAlcune spiegazioni:\n- gli esami che non hanno un voto in trentesimi, hanno voto nominale zero al posto di giudizio o idoneita', in quanto non contribuiscono al calcolo della media ma solo al numero di crediti curriculari;\n- gli esami che non fanno media (pur contribuendo ai crediti curriculari) non hanno la spunta nella colonna MED. \n\nCordiali saluti \nUnità Didattica DII",
		"msg_commissione": "VOTO DI LAUREA FINALE: scegli voto di tesi, prendi il corrispondente voto di laurea ed arrotonda"
	},
	"m-coe": {
		"nome": "M. Computer Engineering",
		"nome_corto": "m-coe",
		"valore_lode": 33,
		"formula": "M*3+22+T+C",
		"crediti_totali": 96,
		"range_T": {
			"min": 0,
			"max": 0,
			"step": 0
		},
		"range_C": {
			"min": 1,
			"max": 3,
			"step": 1
		},
		"corpo_email": "Gentile laureando/laureanda,\nAllego un prospetto contenente: la sua carriera, gli indicatori e la formula che la commissione adopererà per determinare il voto di laurea.\nLa prego di prendere visione dei dati relativi agli esami.\nIn caso di dubbi scrivere a: vittoria.dattilo@unipi.it\n\nAlcune spiegazioni:\n- gli esami che non hanno un voto in trentesimi, hanno voto nominale zero al posto di giudizio o idoneita', in quanto non contribuiscono al calcolo della media ma solo al numero di crediti curriculari;\n- gli esami che non fanno media (pur contribuendo ai crediti curriculari) non hanno la spunta nella colonna MED;\n- il voto di tesi (T) appare nominalmente a zero in quanto verra' determinato in sede di laurea, e va da 18 a 30. \n\nCordiali saluti \nUnità Didattica DII",
		"msg_commissione": "VOTO DI LAUREA FINALE: scegli voto commissione, prendi il corrispondente voto di laurea e somma il voto di tesi tra 1 e 3, quindi arrotonda"
	},
	"m-aid": {
		"nome": "M. Artificial Intelligence and Data Enginering",
		"nome_corto": "m-aid",
		"valore_lode": 33,
		"formula": "M*3+22+T+C",
		"crediti_totali": 96,
		"range_T": {
			"min": 0,
			"max": 0,
			"step": 0
		},
		"range_C": {
			"min": 1,
			"max": 3,
			"step": 1
		},
		"corpo_email": "Gentile laureando/laureanda,\nAllego un prospetto contenente: la sua carriera, gli indicatori e la formula che la commissione adopererà per determinare il voto di laurea.\nLa prego di prendere visione dei dati relativi agli esami.\nIn caso di dubbi scrivere a: vittoria.dattilo@unipi.it\n\nAlcune spiegazioni:\n- gli esami che non hanno un voto in trentesimi, hanno voto nominale zero al posto di giudizio o idoneita', in quanto non contribuiscono al calcolo della media ma solo al numero di crediti curriculari;\n- gli esami che non fanno media (pur contribuendo ai crediti curriculari) non hanno la spunta nella colonna MED;\n- il voto di tesi (T) appare nominalmente a zero in quanto verra' determinato in sede di laurea, e va da 18 a 30. \n\nCordiali saluti \nUnità Didattica DII",
		"msg_commissione": "VOTO DI LAUREA FINALE: scegli voto commissione, prendi il corrispondente voto di laurea e somma il voto di tesi tra 1 e 3, quindi arrotonda"
	},
	"m-rob": {
		"nome": "M. Ing. Robotica e della Automazione",
		"nome_corto": "m-rob",
		"valore_lode": 33,
		"formula": "M*3+18.5+T",
		"crediti_totali": 102,
		"range_T": {
			"min": 1,
			"max": 10,
			"step": 1
		},
		"range_C": {
			"min": 0,
			"max": 0,
			"step": 0
		},
		"corpo_email": "Gentile laureando/laureanda,\nAllego un prospetto contenente: la sua carriera, gli indicatori e la formula che la commissione adopererà per determinare il voto di laurea.\nLa prego di prendere visione dei dati relativi agli esami.\nIn caso di dubbi scrivere a: vittoria.dattilo@unipi.it\n\nAlcune spiegazioni:\n- gli esami che non hanno un voto in trentesimi, hanno voto nominale zero al posto di giudizio o idoneita', in quanto non contribuiscono al calcolo della media ma solo al numero di crediti curriculari;\n- gli esami che non fanno media (pur contribuendo ai crediti curriculari) non hanno la spunta nella colonna MED. \n\nCordiali saluti \nUnità Didattica DII",
		"msg_commissione": "VOTO DI LAUREA FINALE: scegli voto di tesi, prendi il corrispondente voto di laurea ed arrotonda"
	},
	"m-tel": {
		"nome": "M. Ing. delle Telecomunicazioni",
		"nome_corto": "m-tel",
		"valore_lode": 33,
		"formula": "M*11/3+C",
		"crediti_totali": 96,
		"range_T": {
			"min": 0,
			"max": 0,
			"step": 0
		},
		"range_C": {
			"min": 1,
			"max": 11,
			"step": 1
		},
		"corpo_email": "Gentile laureando/laureanda,\nAllego un prospetto contenente: la sua carriera, gli indicatori e la formula che la commissione adopererà per determinare il voto di laurea.\nLa prego di prendere visione dei dati relativi agli esami.\nIn caso di dubbi scrivere a: vittoria.dattilo@unipi.it\n\nAlcune spiegazioni:\n- gli esami che non hanno un voto in trentesimi, hanno voto nominale zero al posto di giudizio o idoneita', in quanto non contribuiscono al calcolo della media ma solo al numero di crediti curriculari;\n- gli esami che non fanno media (pur contribuendo ai crediti curriculari) non hanno la spunta nella colonna MED. \n\nCordiali saluti \nUnità Didattica DII",
		"msg_commissione": "VOTO DI LAUREA FINALE: scegli voto di commissione, prendi il corrispondente voto di laurea ed arrotonda"
	},
	"m-cyb": {
		"nome": "M. Cybersecurity",
		"nome_corto": "m-cyb",
		"valore_lode": 33,
		"formula": "M*110/30+C",
		"crediti_totali": 102,
		"range_T": {
			"min": 0,
			"max": 0,
			"step": 0
		},
		"range_C": {
			"min": 1,
			"max": 7,
			"step": 1
		},
		"corpo_email": "Gentile laureando/laureanda,\nAllego un prospetto contenente: la sua carriera, gli indicatori e la formula che la commissione adopererà per determinare il voto di laurea.\nLa prego di prendere visione dei dati relativi agli esami.\nIn caso di dubbi scrivere a: vittoria.dattilo@unipi.it\n\nAlcune spiegazioni:\n- gli esami che non hanno un voto in trentesimi, hanno voto nominale zero al posto di giudizio o idoneita', in quanto non contribuiscono al calcolo della media ma solo al numero di crediti curriculari;\n- gli esami che non fanno media (pur contribuendo ai crediti curriculari) non hanno la spunta nella colonna MED. \n\nCordiali saluti \nUnità Didattica DII",
		"msg_commissione": "VOTO DI LAUREA FINALE: scegli voto di commissione, prendi il corrispondente voto di laurea ed arrotonda"
	}
}