{
	"123456": {
		"Entries": {
			"Entry": {
				"nome": "GIANLUIGI",
				"cognome": "DONNARUMMA",
				"cod_fis": "ABCDEFX12X12X123X",
				"data_nascita": "1997-06-14T00:00:00.000+02:00",
				"email_ate": "nome.cognome@studenti.unipi.it"
			}
		}
	},
	"234567": {
		"Entries": {
			"Entry": {
				"nome": "ALESSANDRO",
				"cognome": "BASTONI",
				"cod_fis": "ABCDEFX12X12X123X",
				"data_nascita": "1995-08-04T00:00:00.000+02:00",
				"email_ate": "nome.cognome@studenti.unipi.it"
			}
		}
	},
	"345678": {
		"Entries": {
			"Entry": {
				"nome": "NICCOLO",
				"cognome": "BARELLA",
				"cod_fis": "ABCDEFX12X12X123X",
				"data_nascita": "2000-02-04T00:00:00.000+01:00",
				"email_ate": "nome.cognome@studenti.unipi.it"
			}
		}
	},
	"456789": {
		"Entries": {
			"Entry": {
				"nome": "MATTEO",
				"cognome": "POLITANO",
				"cod_fis": "ABCDEFX12X12X123X",
				"data_nascita": "1996-01-11T00:00:00.000+01:00",
				"email_ate": "nome.cognome@studenti.unipi.it"
			}
		}
	},
	"567890": {
		"Entries": {
			"Entry": {
				"nome": "FRANCESCO",
				"cognome": "ACERBI",
				"cod_fis": "ABCDEFX12X12X123X",
				"data_nascita": "1977-07-27T00:00:00.000+02:00",
				"email_ate": "nome.cognome@studenti.unipi.it"
			}
		}
	}
}